{"cameraMode":{"drawMode":0,"name":"Shaded","section":"Shading Mode"},"sceneLighting":false,"audioPlay":false,"sceneViewState":{"m_AlwaysRefresh":false,"showFog":true,"showSkybox":false,"showFlares":true,"showImageEffects":true,"showParticleSystems":true,"showVisualEffectGraphs":true,"m_FxEnabled":true},"in2DMode":false,"pivot":{"x":-0.0686679482460022,"y":1.23936927318573,"z":0.040195584297180179},"rotation":{"x":-0.009852220304310322,"y":0.842718243598938,"z":-0.015430056490004063,"w":-0.5380181670188904},"size":1.5513451099395753,"orthographic":false}