{"cameraMode":{"drawMode":0,"name":"Shaded","section":"Shading Mode"},"sceneLighting":false,"audioPlay":false,"sceneViewState":{"m_AlwaysRefresh":false,"showFog":true,"showSkybox":false,"showFlares":true,"showImageEffects":true,"showParticleSystems":true,"showVisualEffectGraphs":true,"m_FxEnabled":true},"in2DMode":false,"pivot":{"x":0.1794431209564209,"y":1.0671589374542237,"z":-0.36012911796569826},"rotation":{"x":-0.024080362170934678,"y":0.8886338472366333,"z":-0.04697021096944809,"w":-0.4555395841598511},"size":1.251345157623291,"orthographic":false}